2024-05-12 14:59:20,  6.1%,215,41.8,  302 mW   
2024-05-12 14:59:31, 99.9%,282,42.3,  1.77 W   
2024-05-12 14:59:45,100.4%,385,42.8,  1.93 W   
2024-05-12 14:59:50,  5.5%,385,42.3,  325 mW   
2024-05-12 15:00:01,  0.8%,391,42.8,  295 mW   
2024-05-12 15:00:05,  5.0%,420,42.3,  273 mW   
2024-05-12 15:00:10, 92.8%,434,43.3,  1.70 W   
2024-05-12 15:00:24,  5.1%,475,41.3,  315 mW   
2024-05-12 15:00:36,  5.1%,477,42.3,  272 mW   
2024-05-12 15:00:50,  6.8%,477,42.8,  361 mW   
2024-05-12 15:00:54,  5.9%,478,40.9,  347 mW   
2024-05-12 15:01:07,296.5%,553,44.8,  4.68 W   
2024-05-12 15:01:12,309.0%,565,45.7,  4.91 W   
2024-05-12 15:01:16,282.1%,519,45.7,  4.44 W   
2024-05-12 15:01:31,234.3%,516,47.2,  3.73 W   
2024-05-12 15:01:42,318.7%,517,47.2,  5.03 W   
2024-05-12 15:01:56,336.3%,554,48.2,  5.36 W   
2024-05-12 15:02:01,262.3%,522,48.7,  4.22 W   
2024-05-12 15:02:14,298.4%,556,48.7,  4.71 W   
2024-05-12 15:02:18,192.0%,570,48.7,  3.05 W   
2024-05-12 15:02:22,264.9%,520,49.6,  4.23 W   
2024-05-12 15:02:37,307.1%,521,49.1,  4.88 W   
2024-05-12 15:02:48,314.9%,524,48.7,  5.03 W   
2024-05-12 15:03:02,280.9%,557,49.1,  4.45 W   
2024-05-12 15:03:07,309.3%,528,48.7,  4.91 W   
2024-05-12 15:03:20,246.7%,558,48.7,  3.92 W   
2024-05-12 15:03:25,326.7%,572,49.1,  5.17 W   
2024-05-12 15:03:28,268.6%,525,49.6,  4.30 W   
2024-05-12 15:03:43,278.5%,527,50.6,  4.42 W   
2024-05-12 15:03:55,298.2%,525,50.1,  4.72 W   
2024-05-12 15:04:08,261.5%,558,49.1,  4.17 W   
2024-05-12 15:04:13,288.8%,523,49.6,  4.59 W   
2024-05-12 15:04:26,286.6%,558,49.6,  4.56 W   
2024-05-12 15:04:31,334.3%,563,50.1,  5.31 W   
2024-05-12 15:04:35,324.6%,522,49.6,  5.18 W   
2024-05-12 15:04:50,262.8%,525,50.1,  4.19 W   
2024-05-12 15:05:01,253.1%,523,50.1,  4.05 W   
2024-05-12 15:05:15,259.2%,558,50.6,  4.10 W   
2024-05-12 15:05:20,324.7%,525,51.1,  5.14 W   
2024-05-12 15:05:33,272.0%,558,50.1,  4.33 W   
2024-05-12 15:05:37,253.4%,566,48.7,  4.02 W   
2024-05-12 15:05:41,225.9%,522,50.6,  3.60 W   
2024-05-12 15:05:56,324.3%,525,50.6,  5.16 W   
2024-05-12 15:06:08,287.2%,524,49.1,  4.57 W   
2024-05-12 15:06:21,293.4%,560,49.6,  4.68 W   
2024-05-12 15:06:26,250.1%,525,50.6,  3.98 W   
2024-05-12 15:06:39,289.9%,558,50.1,  4.64 W   
2024-05-12 15:06:44,314.8%,562,50.6,  4.99 W   
2024-05-12 15:06:48,292.4%,525,50.6,  4.64 W   
2024-05-12 15:07:02,260.9%,526,50.1,  4.20 W   
2024-05-12 15:07:14,269.3%,524,49.6,  4.29 W   
2024-05-12 15:07:27,274.2%,559,50.1,  4.34 W   
2024-05-12 15:07:33,256.9%,524,50.1,  4.08 W   
2024-05-12 15:07:45,300.1%,559,50.1,  4.74 W   
2024-05-12 15:07:49, 10.9%,560,48.7,  432 mW   
2024-05-12 15:07:53,  5.2%,525,46.7,  280 mW   
2024-05-12 15:08:08,282.3%,523,47.7,  4.46 W   
2024-05-12 15:08:20,323.8%,528,48.7,  5.12 W   
2024-05-12 15:08:34,239.7%,560,48.7,  3.86 W   
2024-05-12 15:08:39,276.8%,527,49.1,  4.42 W   
2024-05-12 15:08:51,353.8%,560,50.1,  5.54 W   
2024-05-12 15:08:56,228.2%,571,49.1,  3.60 W   
2024-05-12 15:08:59,273.8%,527,49.1,  4.36 W   
2024-05-12 15:09:14,291.4%,527,51.1,  4.63 W   
2024-05-12 15:09:26,301.1%,526,50.1,  4.79 W   
2024-05-12 15:09:40,305.9%,561,49.6,  4.86 W   
2024-05-12 15:09:46,288.3%,528,49.1,  4.60 W   
2024-05-12 15:09:57,306.1%,559,50.6,  4.88 W   
2024-05-12 15:10:02,276.6%,573,49.6,  4.38 W   
2024-05-12 15:10:06,271.0%,525,49.6,  4.29 W   
2024-05-12 15:10:21,281.2%,524,49.6,  4.48 W   
2024-05-12 15:10:32,350.4%,526,50.1,  5.55 W   
2024-05-12 15:10:46,295.5%,550,49.6,  4.72 W   
2024-05-12 15:10:52,338.6%,528,50.1,  5.37 W   
2024-05-12 15:11:04,265.6%,559,49.1,  4.27 W   
2024-05-12 15:11:08,329.4%,565,50.6,  5.23 W   
2024-05-12 15:11:12,274.9%,526,51.6,  4.36 W   
2024-05-12 15:11:27,277.7%,529,49.6,  4.42 W   
2024-05-12 15:11:39,231.5%,527,50.1,  3.66 W   
2024-05-12 15:11:53,272.3%,559,50.6,  4.36 W   
2024-05-12 15:11:58,300.1%,526,50.6,  4.81 W   
2024-05-12 15:12:10,361.0%,561,50.1,  5.72 W   
2024-05-12 15:12:14,275.0%,564,50.1,  4.34 W   
2024-05-12 15:12:19,244.5%,526,49.6,  3.92 W   
2024-05-12 15:12:34,262.5%,526,49.1,  4.17 W   
2024-05-12 15:12:45,283.0%,528,50.1,  4.49 W   
2024-05-12 15:13:00,269.1%,561,49.6,  4.27 W   
2024-05-12 15:13:05,291.0%,527,49.1,  4.64 W   
2024-05-12 15:13:16,231.9%,560,49.6,  3.73 W   
2024-05-12 15:13:20,301.4%,560,50.1,  4.77 W   
2024-05-12 15:13:25,336.3%,528,50.6,  5.35 W   
2024-05-12 15:13:40,284.5%,531,50.1,  4.54 W   
2024-05-12 15:13:52,296.8%,531,50.6,  4.75 W   
2024-05-12 15:14:06,316.0%,552,50.1,  5.00 W   
2024-05-12 15:14:12,287.2%,527,50.1,  4.56 W   
2024-05-12 15:14:22,266.8%,562,50.1,  4.25 W   
2024-05-12 15:14:27,271.0%,560,50.6,  4.36 W   
2024-05-12 15:14:32,281.2%,526,50.6,  4.47 W   
2024-05-12 15:14:46,345.0%,528,50.1,  5.46 W   
2024-05-12 15:14:56,  4.6%,526,47.2,  275 mW   
2024-05-12 15:15:11,  5.3%,525,46.7,  310 mW   
2024-05-12 15:15:18,309.8%,528,47.7,  4.95 W   
2024-05-12 15:15:29,351.1%,565,49.1,  5.59 W   
2024-05-12 15:15:34,246.2%,558,49.1,  3.92 W   
2024-05-12 15:15:39,276.6%,528,49.6,  4.39 W   
2024-05-12 15:15:53,260.4%,526,48.2,  4.15 W   
2024-05-12 15:16:03,262.8%,526,49.6,  4.19 W   
2024-05-12 15:16:18,296.6%,528,49.6,  4.72 W   
2024-05-12 15:16:24,251.1%,527,50.1,  3.99 W   
2024-05-12 15:16:35,296.8%,560,49.1,  4.71 W   
2024-05-12 15:16:41,299.7%,558,51.6,  4.76 W   
2024-05-12 15:16:46,253.3%,526,49.1,  4.03 W   
2024-05-12 15:16:59,262.9%,526,49.6,  4.26 W   
2024-05-12 15:17:09,296.6%,525,50.1,  4.70 W   
2024-05-12 15:17:24,278.4%,527,49.1,  4.45 W   
2024-05-12 15:17:30,324.2%,527,49.1,  5.22 W   
2024-05-12 15:17:42,297.1%,561,49.1,  4.68 W   
2024-05-12 15:17:48,323.3%,559,50.6,  5.11 W   
2024-05-12 15:17:53,334.2%,526,49.1,  5.27 W   
2024-05-12 15:18:06,279.1%,527,49.6,  4.45 W   
2024-05-12 15:18:16,281.8%,529,50.1,  4.48 W   
2024-05-12 15:18:30,231.5%,527,50.1,  3.69 W   
2024-05-12 15:18:37,198.0%,526,50.1,  3.20 W   
2024-05-12 15:18:48,289.1%,557,50.1,  4.58 W   
2024-05-12 15:18:54,268.5%,560,49.6,  4.25 W   
2024-05-12 15:18:59,305.6%,524,51.1,  4.85 W   
2024-05-12 15:19:12,304.5%,529,49.6,  4.83 W   
2024-05-12 15:19:22,251.0%,526,50.6,  4.00 W   
2024-05-12 15:19:37,297.0%,527,50.1,  4.72 W   
2024-05-12 15:19:44,356.8%,527,50.1,  5.64 W   
2024-05-12 15:19:55,196.3%,562,50.1,  3.09 W   
2024-05-12 15:20:01,281.8%,560,50.1,  4.47 W   
2024-05-12 15:20:06,338.6%,526,49.6,  5.37 W   
2024-05-12 15:20:18,299.5%,526,50.6,  4.76 W   
2024-05-12 15:20:28,296.8%,525,50.1,  4.69 W   
2024-05-12 15:20:43,310.5%,525,50.1,  4.94 W   
2024-05-12 15:20:50,315.9%,527,50.1,  5.02 W   
2024-05-12 15:21:02,257.6%,538,50.1,  4.07 W   
2024-05-12 15:21:08,312.0%,562,50.6,  4.96 W   
2024-05-12 15:21:13,291.3%,525,49.1,  4.62 W   
2024-05-12 15:21:25,276.6%,526,50.6,  4.37 W   
2024-05-12 15:21:35,258.4%,526,50.6,  4.11 W   
2024-05-12 15:21:50,309.3%,525,50.1,  4.90 W   
2024-05-12 15:21:57,348.6%,527,49.1,  5.52 W   
2024-05-12 15:22:07,  5.8%,527,46.2,  1.20 W   
2024-05-12 15:22:12,  4.7%,530,46.2,  278 mW   
2024-05-12 15:22:18,256.7%,527,47.7,  4.10 W   
2024-05-12 15:22:32,302.7%,528,49.6,  4.81 W   
2024-05-12 15:22:41,325.3%,526,49.1,  5.17 W   
2024-05-12 15:22:56,251.5%,526,50.1,  3.98 W   
2024-05-12 15:23:03,282.0%,528,48.7,  4.48 W   
2024-05-12 15:23:13,226.6%,529,49.6,  3.62 W   
2024-05-12 15:23:19,343.2%,526,49.6,  5.44 W   
2024-05-12 15:23:24,311.0%,528,49.1,  4.94 W   
2024-05-12 15:23:38,257.0%,525,50.6,  4.10 W   
2024-05-12 15:23:47,281.5%,526,50.1,  4.46 W   
2024-05-12 15:24:02,284.8%,526,49.6,  4.53 W   
2024-05-12 15:24:10,306.7%,529,50.1,  4.85 W   
2024-05-12 15:24:19,303.7%,526,49.1,  4.81 W   
2024-05-12 15:24:25,260.2%,533,48.7,  4.14 W   
2024-05-12 15:24:31,301.4%,527,49.6,  4.80 W   
2024-05-12 15:24:44,323.8%,528,50.1,  5.09 W   
2024-05-12 15:24:54,281.4%,529,49.1,  4.46 W   
2024-05-12 15:25:08,328.9%,529,49.1,  5.23 W   
2024-05-12 15:25:15,281.4%,526,49.6,  4.46 W   
2024-05-12 15:25:25,279.1%,527,49.6,  4.46 W   
2024-05-12 15:25:32,250.0%,559,50.6,  4.00 W   
2024-05-12 15:25:38,252.6%,527,50.1,  4.06 W   
2024-05-12 15:25:51,304.9%,526,49.6,  4.81 W   
2024-05-12 15:26:00,297.8%,525,50.1,  4.77 W   
2024-05-12 15:26:14,233.9%,528,49.1,  3.80 W   
2024-05-12 15:26:22,260.4%,526,50.1,  4.12 W   
2024-05-12 15:26:32,236.6%,527,50.6,  3.80 W   
2024-05-12 15:26:38,302.8%,528,49.1,  4.79 W   
2024-05-12 15:26:44,355.6%,529,49.6,  5.59 W   
2024-05-12 15:26:58,314.1%,526,50.1,  5.00 W   
2024-05-12 15:27:07,259.1%,525,50.1,  4.13 W   
2024-05-12 15:27:21,272.5%,527,50.1,  4.35 W   
2024-05-12 15:27:28,261.9%,525,50.6,  4.21 W   
2024-05-12 15:27:38,305.2%,528,50.1,  4.82 W   
2024-05-12 15:27:44,307.7%,527,50.6,  4.90 W   
2024-05-12 15:27:51,289.3%,528,50.1,  4.62 W   
2024-05-12 15:28:04,291.7%,529,51.1,  4.61 W   
2024-05-12 15:28:13,274.7%,525,49.6,  4.40 W   
2024-05-12 15:28:27,305.7%,526,50.1,  4.84 W   
2024-05-12 15:28:34,309.0%,527,50.6,  4.94 W   
2024-05-12 15:28:44,262.6%,529,50.1,  4.18 W   
2024-05-12 15:28:51,273.3%,526,49.1,  4.31 W   
2024-05-12 15:28:57,236.3%,526,49.6,  3.75 W   
2024-05-12 15:29:08,  6.1%,527,46.2,  324 mW   
2024-05-12 15:29:18,  5.8%,525,45.7,  294 mW   
2024-05-12 15:29:34,320.8%,526,48.7,  5.05 W   
2024-05-12 15:29:41,260.2%,528,49.1,  4.14 W   
2024-05-12 15:29:50,249.1%,528,49.6,  4.01 W   
2024-05-12 15:29:57,322.4%,527,49.6,  5.15 W   
2024-05-12 15:30:03,330.0%,530,48.7,  5.22 W   
2024-05-12 15:30:15,248.6%,525,49.1,  3.99 W   
2024-05-12 15:30:24,277.2%,526,50.1,  4.44 W   
2024-05-12 15:30:40,262.9%,523,49.6,  4.18 W   
2024-05-12 15:30:47,292.0%,528,49.6,  4.62 W   
2024-05-12 15:30:57,291.7%,527,49.1,  4.66 W   
2024-05-12 15:31:03,237.3%,529,50.6,  3.77 W   
2024-05-12 15:31:09,307.7%,524,48.7,  4.88 W   
2024-05-12 15:31:22,277.3%,525,50.6,  4.42 W   
2024-05-12 15:31:30,319.6%,526,50.1,  5.09 W   
2024-05-12 15:31:46,323.3%,527,50.6,  5.10 W   
2024-05-12 15:31:54,286.1%,529,50.1,  4.55 W   
2024-05-12 15:32:03,281.2%,525,50.6,  4.46 W   
2024-05-12 15:32:10,315.7%,530,49.1,  5.01 W   
2024-05-12 15:32:15,243.1%,525,49.6,  3.88 W   
2024-05-12 15:32:28,324.1%,526,51.6,  5.17 W   
2024-05-12 15:32:37,304.3%,527,50.1,  4.84 W   
2024-05-12 15:32:52,320.9%,525,49.6,  5.12 W   
2024-05-12 15:33:00,278.9%,527,50.6,  4.42 W   
2024-05-12 15:33:09,319.4%,527,49.1,  5.07 W   
2024-05-12 15:33:16,282.1%,560,50.1,  4.49 W   
2024-05-12 15:33:22,274.7%,524,50.1,  4.37 W   
2024-05-12 15:33:34,256.6%,526,49.6,  4.09 W   
2024-05-12 15:33:42,310.1%,528,48.7,  4.90 W   
2024-05-12 15:33:58,302.9%,525,50.1,  4.81 W   
2024-05-12 15:34:07,285.6%,526,50.6,  4.56 W   
2024-05-12 15:34:16,280.4%,528,50.1,  4.50 W   
2024-05-12 15:34:23,240.6%,561,50.1,  3.85 W   
2024-05-12 15:34:28,272.4%,528,50.6,  4.39 W   
2024-05-12 15:34:41,249.7%,524,50.6,  3.95 W   
2024-05-12 15:34:49,233.6%,525,50.1,  3.74 W   
2024-05-12 15:35:05,278.6%,526,50.6,  4.46 W   
2024-05-12 15:35:13,290.9%,527,50.1,  4.61 W   
2024-05-12 15:35:22,268.0%,525,50.1,  4.24 W   
2024-05-12 15:35:30,249.3%,560,50.1,  3.95 W   
2024-05-12 15:35:35,251.4%,527,49.6,  4.03 W   
2024-05-12 15:35:47,344.1%,525,49.6,  5.47 W   
2024-05-12 15:35:55,266.5%,528,50.1,  4.29 W   
2024-05-12 15:36:10,140.1%,526,48.7,  2.40 W   
2024-05-12 15:36:18,  6.2%,526,46.2,  283 mW   
2024-05-12 15:36:27,  6.2%,527,45.2,  321 mW   
2024-05-12 15:36:36,247.1%,560,48.2,  3.92 W   
2024-05-12 15:36:42,271.8%,524,49.1,  4.31 W   
2024-05-12 15:36:53,331.7%,525,49.1,  5.27 W   
2024-05-12 15:37:02,299.8%,525,49.1,  4.76 W   
2024-05-12 15:37:17,328.1%,525,49.1,  5.22 W   
2024-05-12 15:37:24,257.6%,526,49.1,  4.10 W   
2024-05-12 15:37:33,299.4%,525,50.1,  4.75 W   
2024-05-12 15:37:43,343.0%,560,49.6,  5.41 W   
2024-05-12 15:37:48,316.2%,528,50.6,  5.02 W   
2024-05-12 15:38:00,316.2%,528,49.6,  5.04 W   
2024-05-12 15:38:08,279.4%,526,50.6,  4.48 W   
2024-05-12 15:38:23,312.9%,524,50.1,  4.99 W   
2024-05-12 15:38:30,298.7%,525,50.1,  4.80 W   
2024-05-12 15:38:39,294.5%,526,49.1,  4.72 W   
2024-05-12 15:38:50,310.0%,560,50.1,  4.91 W   
2024-05-12 15:38:55,268.8%,526,49.6,  4.28 W   
2024-05-12 15:39:07,256.2%,528,50.6,  4.12 W   
2024-05-12 15:39:15,314.2%,526,50.6,  4.95 W   
2024-05-12 15:39:30,292.4%,526,49.1,  4.65 W   
2024-05-12 15:39:36,235.4%,526,50.1,  3.76 W   
2024-05-12 15:39:45,293.2%,527,50.6,  4.70 W   
2024-05-12 15:39:57,328.9%,562,49.1,  5.22 W   
2024-05-12 15:40:02,298.5%,527,49.1,  4.76 W   
2024-05-12 15:40:13,319.4%,524,50.1,  5.04 W   
2024-05-12 15:40:21,260.1%,527,50.1,  4.19 W   
2024-05-12 15:40:36,255.5%,526,49.6,  4.07 W   
2024-05-12 15:40:43,303.8%,528,49.6,  4.85 W   
2024-05-12 15:40:52,296.7%,530,49.1,  4.72 W   
2024-05-12 15:41:03,304.4%,559,50.1,  4.80 W   
2024-05-12 15:41:08,294.4%,527,50.6,  4.72 W   
2024-05-12 15:41:19,256.8%,529,48.7,  4.11 W   
2024-05-12 15:41:28,221.4%,530,50.1,  3.55 W   
2024-05-12 15:41:42,206.3%,526,50.6,  3.44 W   
2024-05-12 15:41:49,318.1%,526,49.6,  5.04 W   
2024-05-12 15:41:59,330.1%,528,50.6,  5.24 W   
2024-05-12 15:42:10,219.1%,560,49.1,  3.47 W   
2024-05-12 15:42:15,263.6%,528,50.1,  4.19 W   
2024-05-12 15:42:25,302.9%,527,50.1,  4.82 W   
2024-05-12 15:42:34,230.2%,525,50.6,  3.67 W   
2024-05-12 15:42:49,292.6%,527,49.6,  4.67 W   
2024-05-12 15:42:55,269.2%,527,49.6,  4.31 W   
2024-05-12 15:43:05,269.8%,529,50.6,  4.30 W   
2024-05-12 15:43:16,289.7%,561,50.1,  4.65 W   
2024-05-12 15:43:20,  4.5%,529,46.7,  347 mW   
2024-05-12 15:43:30,  2.2%,527,45.7,  243 mW   
2024-05-12 15:43:40,321.0%,527,48.7,  5.08 W   
2024-05-12 15:43:55,259.7%,526,48.7,  4.11 W   
2024-05-12 15:44:01,310.5%,529,50.6,  4.89 W   
2024-05-12 15:44:11,299.0%,527,49.1,  4.75 W   
2024-05-12 15:44:22,219.7%,572,49.6,  3.47 W   
2024-05-12 15:44:26,276.2%,527,49.6,  4.37 W   
2024-05-12 15:44:36,257.6%,529,50.1,  4.11 W   
2024-05-12 15:44:46,357.5%,530,49.1,  5.71 W   
2024-05-12 15:45:01,290.4%,526,49.6,  4.62 W   
2024-05-12 15:45:08,301.0%,526,50.1,  4.77 W   
2024-05-12 15:45:18,290.5%,525,50.1,  4.58 W   
2024-05-12 15:45:28,207.2%,570,50.1,  3.37 W   
2024-05-12 15:45:32,299.9%,526,50.1,  4.75 W   
2024-05-12 15:45:43,264.7%,528,50.6,  4.24 W   
2024-05-12 15:45:53,303.0%,524,49.6,  4.81 W   
2024-05-12 15:46:07,256.2%,528,49.1,  4.08 W   
2024-05-12 15:46:14,305.4%,526,51.1,  4.84 W   
2024-05-12 15:46:24,299.7%,526,51.1,  4.78 W   
2024-05-12 15:46:35,298.0%,573,49.6,  4.70 W   
2024-05-12 15:46:39,296.0%,529,50.1,  4.70 W   
2024-05-12 15:46:50,267.4%,526,49.6,  4.25 W   
2024-05-12 15:46:59,271.1%,528,50.1,  4.34 W   
2024-05-12 15:47:14,295.7%,530,50.1,  4.71 W   
2024-05-12 15:47:21,293.4%,526,50.1,  4.66 W   
2024-05-12 15:47:31,275.5%,527,50.6,  4.37 W   
2024-05-12 15:47:40,308.8%,560,49.1,  4.86 W   
2024-05-12 15:47:45,317.6%,529,49.6,  5.00 W   
2024-05-12 15:47:56,257.0%,527,50.6,  4.12 W   
2024-05-12 15:48:05,324.2%,529,49.1,  5.15 W   
2024-05-12 15:48:20,314.8%,527,50.1,  4.99 W   
2024-05-12 15:48:27,253.4%,527,51.6,  4.00 W   
2024-05-12 15:48:37,246.8%,529,50.1,  3.93 W   
2024-05-12 15:48:46,276.9%,560,50.6,  4.37 W   
2024-05-12 15:48:51,280.6%,527,49.6,  4.45 W   
2024-05-12 15:49:02,315.6%,526,50.1,  5.00 W   
2024-05-12 15:49:12,274.3%,526,49.6,  4.34 W   
2024-05-12 15:49:26,331.1%,527,50.6,  5.23 W   
2024-05-12 15:49:33,208.1%,527,50.1,  3.33 W   
2024-05-12 15:49:43,339.5%,527,50.6,  5.39 W   
2024-05-12 15:49:52,242.8%,561,50.6,  3.89 W   
2024-05-12 15:49:57,292.2%,527,50.1,  4.65 W   
2024-05-12 15:50:09,311.4%,525,49.6,  4.93 W   
2024-05-12 15:50:18,321.1%,528,49.6,  5.08 W   
2024-05-12 15:50:31,  6.3%,528,46.2,  279 mW   
2024-05-12 15:50:38,  5.2%,529,44.3,  292 mW   
2024-05-12 15:50:50,289.2%,526,48.2,  4.57 W   
2024-05-12 15:50:59,342.5%,558,48.7,  5.44 W   
2024-05-12 15:51:04,270.4%,528,48.7,  4.25 W   
2024-05-12 15:51:15,276.1%,527,49.1,  4.44 W   
2024-05-12 15:51:24,251.2%,526,49.6,  3.98 W   
2024-05-12 15:51:37,225.5%,528,48.7,  3.57 W   
2024-05-12 15:51:44,290.3%,527,50.6,  4.62 W   
2024-05-12 15:51:56,323.3%,527,49.6,  5.10 W   
2024-05-12 15:52:05,349.2%,562,49.6,  5.53 W   
2024-05-12 15:52:10,273.8%,525,50.1,  4.36 W   
2024-05-12 15:52:22,259.1%,528,49.6,  4.10 W   
2024-05-12 15:52:30,345.0%,528,49.6,  5.48 W   
2024-05-12 15:52:43,244.3%,527,50.1,  3.88 W   
2024-05-12 15:52:50,329.5%,524,48.7,  5.22 W   
2024-05-12 15:53:02,304.2%,527,50.6,  4.80 W   
2024-05-12 15:53:12,269.1%,560,50.6,  4.28 W   
2024-05-12 15:53:17,300.2%,527,49.6,  4.78 W   
2024-05-12 15:53:28,253.7%,525,50.6,  4.02 W   
2024-05-12 15:53:36,309.8%,528,51.1,  4.93 W   
2024-05-12 15:53:49,238.0%,527,49.6,  3.82 W   
2024-05-12 15:53:57,321.9%,527,50.1,  5.15 W   
2024-05-12 15:54:08,224.9%,529,50.6,  3.62 W   
2024-05-12 15:54:18,252.3%,561,50.1,  4.02 W   
2024-05-12 15:54:23,344.8%,527,50.1,  5.50 W   
2024-05-12 15:54:34,302.8%,527,49.6,  4.80 W   
2024-05-12 15:54:43,231.7%,526,49.6,  3.71 W   
2024-05-12 15:54:55,354.6%,525,51.1,  5.60 W   
2024-05-12 15:55:03,295.1%,527,50.1,  4.68 W   
2024-05-12 15:55:14,297.2%,525,50.1,  4.70 W   
2024-05-12 15:55:24,356.3%,560,49.1,  5.61 W   
2024-05-12 15:55:29,305.2%,526,50.6,  4.88 W   
2024-05-12 15:55:40,274.8%,530,49.6,  4.37 W   
2024-05-12 15:55:49,216.0%,530,49.1,  3.46 W   
2024-05-12 15:56:02,259.4%,526,50.6,  4.13 W   
2024-05-12 15:56:09,273.0%,526,49.1,  4.32 W   
2024-05-12 15:56:21,319.1%,528,48.7,  5.09 W   
2024-05-12 15:56:31,280.0%,562,50.6,  4.43 W   
2024-05-12 15:56:36,292.1%,525,49.1,  4.65 W   
2024-05-12 15:56:46,312.4%,526,50.6,  4.95 W   
2024-05-12 15:56:55,284.8%,526,51.1,  4.50 W   
2024-05-12 15:57:08,144.6%,527,50.1,  2.33 W   
2024-05-12 15:57:16,279.5%,528,50.1,  4.40 W   
2024-05-12 15:57:27,290.6%,528,50.1,  4.67 W   
2024-05-12 15:57:36,  4.6%,528,46.2,  261 mW   
2024-05-12 15:57:40,  0.5%,530,46.7,  223 mW   
2024-05-12 15:57:52,263.6%,527,48.2,  4.18 W   
2024-05-12 15:58:02,320.5%,526,49.6,  5.06 W   
2024-05-12 15:58:15,291.1%,525,49.6,  4.63 W   
2024-05-12 15:58:22,280.0%,525,50.6,  4.43 W   
2024-05-12 15:58:33,303.1%,528,49.6,  4.82 W   
2024-05-12 15:58:42,235.3%,563,50.1,  3.78 W   
2024-05-12 15:58:47,321.1%,529,50.6,  5.08 W   
2024-05-12 15:58:58,294.2%,530,50.1,  4.67 W   
2024-05-12 15:59:09,276.4%,524,50.1,  4.41 W   
2024-05-12 15:59:21,256.7%,525,50.1,  4.09 W   
2024-05-12 15:59:29,273.9%,524,50.1,  4.38 W   
2024-05-12 15:59:39,301.4%,523,50.6,  4.78 W   
2024-05-12 15:59:48,253.8%,561,51.6,  4.07 W   
2024-05-12 15:59:53,307.7%,526,51.1,  4.89 W   
2024-05-12 16:00:04,316.5%,526,51.6,  5.02 W   
2024-05-12 16:00:15,228.9%,529,50.6,  3.64 W   
2024-05-12 16:00:27,335.0%,529,51.1,  5.32 W   
2024-05-12 16:00:35,228.3%,527,50.1,  3.66 W   
2024-05-12 16:00:45,224.7%,527,50.6,  3.57 W   
2024-05-12 16:00:55,270.9%,562,50.6,  4.34 W   
2024-05-12 16:01:00,273.5%,527,50.6,  4.34 W   
2024-05-12 16:01:11,274.7%,529,50.1,  4.34 W   
2024-05-12 16:01:22,259.6%,527,51.6,  4.15 W   
2024-05-12 16:01:34,300.3%,525,51.1,  4.79 W   
2024-05-12 16:01:41,264.8%,525,51.6,  4.20 W   
2024-05-12 16:01:52,235.6%,525,50.1,  3.79 W   
2024-05-12 16:02:01,359.4%,560,51.1,  5.70 W   
2024-05-12 16:02:07,339.8%,526,51.6,  5.34 W   
2024-05-12 16:02:17,290.5%,527,50.1,  4.59 W   
2024-05-12 16:02:27,311.4%,526,51.1,  4.94 W   
2024-05-12 16:02:40,218.4%,530,51.1,  3.50 W   
2024-05-12 16:02:48,274.0%,527,51.1,  4.34 W   
2024-05-12 16:02:58,296.2%,514,51.6,  4.71 W   
2024-05-12 16:03:08,311.4%,528,50.1,  4.93 W   
2024-05-12 16:03:14,325.2%,524,51.1,  5.15 W   
2024-05-12 16:03:24,284.6%,527,51.1,  4.53 W   
2024-05-12 16:03:34,260.5%,525,50.1,  4.17 W   
2024-05-12 16:03:47,263.9%,516,50.6,  4.19 W   
2024-05-12 16:03:54,331.0%,521,51.6,  5.24 W   
2024-05-12 16:04:05,267.9%,522,52.1,  4.31 W   
2024-05-12 16:04:14,266.7%,524,51.1,  4.22 W   
2024-05-12 16:04:20,284.8%,522,50.6,  4.52 W   
2024-05-12 16:04:30,329.5%,521,51.6,  5.22 W   
2024-05-12 16:04:39,  6.1%,522,49.1,  355 mW   
2024-05-12 16:04:52,  6.1%,523,45.7,  313 mW   
2024-05-12 16:05:00,277.4%,518,47.7,  4.41 W   
2024-05-12 16:05:11,247.0%,521,50.1,  3.95 W   
2024-05-12 16:05:20,272.1%,523,49.1,  4.33 W   
2024-05-12 16:05:26,328.5%,522,49.1,  5.25 W   
2024-05-12 16:05:36,283.3%,520,49.6,  4.51 W   
2024-05-12 16:05:45,255.2%,524,51.6,  4.05 W   
2024-05-12 16:05:58,299.3%,523,49.6,  4.76 W   
2024-05-12 16:06:06,308.7%,523,50.1,  4.92 W   
2024-05-12 16:06:18,231.4%,524,51.1,  3.69 W   
2024-05-12 16:06:27,307.5%,524,50.1,  4.91 W   
2024-05-12 16:06:33,220.6%,522,51.6,  3.52 W   
2024-05-12 16:06:42,278.7%,524,50.1,  4.47 W   
2024-05-12 16:06:51,286.8%,523,51.1,  4.58 W   
2024-05-12 16:07:04,274.1%,525,50.1,  4.38 W   
2024-05-12 16:07:12,316.6%,525,50.1,  5.02 W   
2024-05-12 16:07:25,307.1%,527,50.1,  4.90 W   
2024-05-12 16:07:33,267.5%,546,50.6,  4.21 W   
2024-05-12 16:07:39,263.9%,527,50.1,  4.23 W   
2024-05-12 16:07:48,292.0%,528,50.6,  4.71 W   
2024-05-12 16:07:57,306.3%,527,51.1,  4.90 W   
2024-05-12 16:08:11,257.0%,526,51.6,  4.10 W   
2024-05-12 16:08:19,306.7%,527,49.6,  4.86 W   
2024-05-12 16:08:31,299.0%,527,49.1,  4.78 W   
2024-05-12 16:08:40,253.0%,558,51.1,  4.05 W   
2024-05-12 16:08:45,348.8%,525,50.1,  5.52 W   
2024-05-12 16:08:55,263.0%,525,50.6,  4.17 W   
2024-05-12 16:09:03,293.7%,525,50.6,  4.66 W   
2024-05-12 16:09:17,288.1%,528,51.1,  4.61 W   
2024-05-12 16:09:25,292.6%,526,52.1,  4.62 W   
2024-05-12 16:09:37,238.5%,525,50.1,  3.82 W   
2024-05-12 16:09:46,296.9%,560,50.1,  4.76 W   
2024-05-12 16:09:52,330.4%,523,50.6,  5.24 W   
2024-05-12 16:10:01,345.8%,524,50.6,  5.50 W   
2024-05-12 16:10:10,293.9%,525,50.6,  4.68 W   
2024-05-12 16:10:24,223.7%,526,51.6,  3.57 W   
2024-05-12 16:10:32,273.9%,528,50.6,  4.38 W   
2024-05-12 16:10:44,282.6%,521,51.1,  4.50 W   
2024-05-12 16:10:53,304.4%,525,50.6,  4.84 W   
2024-05-12 16:10:58,331.1%,521,51.1,  5.26 W   
2024-05-12 16:11:08,324.3%,520,51.1,  5.13 W   
2024-05-12 16:11:17,284.8%,521,50.6,  4.53 W   
2024-05-12 16:11:30,253.2%,521,50.1,  4.04 W   
2024-05-12 16:11:38,286.8%,519,51.1,  4.60 W   
2024-05-12 16:11:49,  0.7%,209,48.2,  229 mW   
2024-05-12 16:11:58,  6.7%,212,46.2,  305 mW   
2024-05-12 16:12:03,  6.1%,212,46.2,  390 mW   
2024-05-12 16:12:13,  5.2%,212,45.2,  282 mW   
2024-05-12 16:12:22,  6.1%,214,44.3,  439 mW   
2024-05-12 16:12:35,  6.3%,212,44.3,  438 mW   
2024-05-12 16:12:43,  5.9%,211,43.3,  302 mW   
2024-05-12 16:12:53,  6.2%,211,44.3,  457 mW   
2024-05-12 16:13:02,  6.3%,210,43.3,  298 mW   
2024-05-12 16:13:08,  5.2%,211,42.3,  325 mW   
2024-05-12 16:13:17,  5.9%,211,42.8,  278 mW   
2024-05-12 16:13:26,  4.8%,210,42.3,  303 mW   
2024-05-12 16:13:39,  4.9%,210,42.8,  324 mW   
2024-05-12 16:13:47,  5.0%,210,42.3,  278 mW   
2024-05-12 16:13:58,  5.7%,211,41.8,  319 mW   
2024-05-12 16:14:07,  4.8%,211,41.8,  275 mW   
2024-05-12 16:14:12,  6.5%,214,42.8,  411 mW   
2024-05-12 16:14:22,  5.2%,214,42.3,  307 mW   
2024-05-12 16:14:31,  4.6%,211,42.8,  297 mW   
2024-05-12 16:14:44,  4.2%,211,41.8,  284 mW   
2024-05-12 16:14:52,  6.4%,213,42.8,  340 mW   
2024-05-12 16:15:02,  4.6%,214,42.3,  264 mW   
2024-05-12 16:15:11,  5.2%,214,42.8,  303 mW   
2024-05-12 16:15:17,  2.6%,212,41.8,  238 mW   
2024-05-12 16:15:26,  7.0%,210,41.8,  538 mW   
2024-05-12 16:15:36,  5.1%,211,41.8,  283 mW   
2024-05-12 16:15:49,  0.8%,212,42.8,  293 mW   
2024-05-12 16:15:56,  0.5%,213,43.3,  207 mW   
2024-05-12 16:16:07,  5.7%,213,41.3,  318 mW   
2024-05-12 16:16:16,  6.4%,214,42.3,  351 mW   
2024-05-12 16:16:21,  0.4%,212,42.8,  230 mW   
2024-05-12 16:16:31,  6.7%,212,41.8,  345 mW   
2024-05-12 16:16:40,  3.3%,213,41.3,  255 mW   
2024-05-12 16:16:53,  4.9%,213,42.3,  349 mW   
2024-05-12 16:17:01,  3.1%,211,41.3,  436 mW   
2024-05-12 16:17:12,  5.6%,213,42.8,  336 mW   
2024-05-12 16:17:20,  6.2%,216,41.8,  271 mW   
2024-05-12 16:17:26,  5.8%,214,42.3,  331 mW   
2024-05-12 16:17:35,  4.7%,214,42.8,  281 mW   
2024-05-12 16:17:45,  1.7%,214,42.3,  477 mW   
2024-05-12 16:17:58,  5.9%,211,41.8,  350 mW   
2024-05-12 16:18:06,  3.4%,212,40.9,  260 mW   
2024-05-12 16:18:16,  6.3%,212,42.8,  293 mW   
2024-05-12 16:18:25,  4.1%,215,41.8,  335 mW   
2024-05-12 16:18:31,  5.8%,214,41.8,  290 mW   
2024-05-12 16:18:40,  6.3%,213,40.9,  286 mW   
2024-05-12 16:18:49,  5.6%,215,42.8,  279 mW   
2024-05-12 16:19:02,  5.7%,215,41.8,  348 mW   
2024-05-12 16:19:10,  6.3%,215,42.3,  302 mW   
2024-05-12 16:19:21,  5.0%,216,43.3,  277 mW   
2024-05-12 16:19:30,  4.5%,215,41.8,  277 mW   
2024-05-12 16:19:35,  0.8%,212,41.8,  283 mW   
2024-05-12 16:19:45,  3.9%,213,41.8,  257 mW   
2024-05-12 16:19:54,  6.7%,213,41.3,  451 mW   
2024-05-12 16:20:07,  4.1%,214,41.8,  252 mW   
2024-05-12 16:20:15,  0.6%,214,41.3,  205 mW   
2024-05-12 16:20:25,  5.7%,211,42.3,  308 mW   
2024-05-12 16:20:34,  5.3%,212,40.4,  470 mW   
2024-05-12 16:20:40,  5.1%,216,42.3,  293 mW   
2024-05-12 16:20:49,  4.3%,211,41.3,  337 mW   
2024-05-12 16:20:58,  5.4%,212,41.3,  330 mW   
2024-05-12 16:21:11,  4.5%,214,41.3,  284 mW   
2024-05-12 16:21:19,  5.4%,215,40.4,  388 mW   
2024-05-12 16:21:30,  1.2%,213,41.3,  233 mW   
2024-05-12 16:21:39,  5.6%,211,40.9,  357 mW   
2024-05-12 16:21:44,  5.5%,211,41.8,  355 mW   
2024-05-12 16:21:54,  5.5%,212,42.3,  322 mW   
2024-05-12 16:22:03,  9.1%,211,41.8,  560 mW   
2024-05-12 16:22:16,  7.4%,214,40.9,  517 mW   
2024-05-12 16:22:24,  2.5%,213,41.8,  294 mW   
2024-05-12 16:22:35,  5.1%,214,41.3,  317 mW   
2024-05-12 16:22:43,  5.3%,211,41.3,  302 mW   
2024-05-12 16:22:49,  5.5%,213,40.4,  384 mW   
2024-05-12 16:22:58,  6.4%,213,41.8,  292 mW   
2024-05-12 16:23:08,  5.5%,215,42.8,  290 mW   
2024-05-12 16:23:21,  5.5%,215,41.3,  278 mW   
2024-05-12 16:23:28,  3.8%,214,42.3,  285 mW   
2024-05-12 16:23:39,  6.1%,215,41.3,  350 mW   
2024-05-12 16:23:48,  5.1%,213,41.8,  288 mW   
2024-05-12 16:23:54,  6.0%,213,41.3,  308 mW   
2024-05-12 16:24:03,  5.0%,211,40.9,  303 mW   
2024-05-12 16:24:12,  6.2%,213,42.8,  281 mW   
2024-05-12 16:24:25,  0.8%,212,41.3,  237 mW   
2024-05-12 16:24:33,  0.5%,212,41.8,  193 mW   
2024-05-12 16:24:44,  5.9%,214,41.3,  471 mW   
